<?xml version="1.0" encoding="utf-8"?>
<selector xmlns:android="http://schemas.android.com/apk/res/android">
    <item android:state_pressed="true">
        <shape
            android:shape="oval">
            <stroke android:width="1sp"
                android:color="#f25e36"/>
        </shape>
    </item>

    <item android:state_selected="true">
        <shape
            android:shape="oval">
            <stroke android:width="1sp"
                android:color="#0066cc"/>
        </shape>
    </item>


</selector>