<?xml version="1.0" encoding="utf-8"?>
<layer-list xmlns:android="http://schemas.android.com/apk/res/android">
    <item >
        <shape
            android:shape="rectangle">
            <solid android:color="#d4d5d5" />
        </shape>
    </item>
    <item android:right="1sp" android:left="1sp" android:bottom="1sp" android:top="1sp">
        <shape
            android:shape="rectangle">
            <solid android:color="@android:color/white"/>
        </shape>
    </item>
</layer-list>